City,City ID,Cloudiness,Country,Date,Humidity,Latitude,Longitude,Max Temperature,Wind Speed
port alfred,964432,0,ZA,"July 24, 2018",59,-33.59,26.89,69.42,13.56
esperance,3573739,20,TT,"July 23, 2018",94,10.24,-61.45,77.0,5.84
port-cartier,6111696,90,CA,"July 24, 2018",100,50.03,-66.88,62.6,4.7
terrace,6162949,5,CA,"July 24, 2018",55,54.52,-128.61,64.4,3.36
tilichiki,2120591,88,RU,"July 24, 2018",84,60.47,166.1,54.66,6.29
golovino,560646,56,RU,"July 24, 2018",81,55.95,40.44,67.44,11.99
mehamn,778707,75,NO,"July 23, 2018",76,71.03,27.85,57.2,6.93
mataura,6201424,0,NZ,"July 24, 2018",88,-46.19,168.86,38.55,7.74
puerto ayora,3652764,88,EC,"July 24, 2018",100,-0.74,-90.35,71.4,10.76
paamiut,3421193,92,GL,"July 24, 2018",96,61.99,-49.67,40.08,5.06
toora-khem,1489401,8,RU,"July 24, 2018",51,52.47,96.11,78.06,2.37
soledade,3387258,75,BR,"July 23, 2018",100,-7.06,-36.37,66.2,10.29
mataram,1630639,24,ID,"July 24, 2018",56,-5.32,105.06,89.67,3.15
aykhal,2027296,32,RU,"July 24, 2018",48,65.95,111.51,63.03,8.63
basoko,219414,80,CD,"July 24, 2018",95,1.23,23.61,73.83,3.83
monchique,2266268,0,PT,"July 24, 2018",72,37.32,-8.56,66.2,3.36
vaini,1273574,100,IN,"July 24, 2018",99,15.34,74.49,72.66,9.42
khabary,1503856,64,RU,"July 24, 2018",87,53.63,79.53,60.06,4.61
hermanus,3366880,20,ZA,"July 24, 2018",82,-34.42,19.24,51.69,4.27
barrow,3833859,0,AR,"July 24, 2018",62,-38.31,-60.23,32.25,8.41
qaanaaq,3831208,32,GL,"July 24, 2018",100,77.48,-69.36,34.5,4.16
rikitea,4030556,76,PF,"July 24, 2018",99,-23.12,-134.97,74.55,13.89
nargana,3703946,92,PA,"July 24, 2018",100,9.44,-78.59,78.06,4.16
rawson,3839307,0,AR,"July 24, 2018",88,-43.3,-65.11,27.21,3.71
codrington,2160063,0,AU,"July 24, 2018",75,-28.95,153.24,66.36,3.27
lebu,344979,75,ET,"July 24, 2018",87,8.96,38.73,59.0,4.7
busselton,2075265,48,AU,"July 24, 2018",99,-33.64,115.35,63.3,14.67
santa isabel do rio negro,3662489,64,BR,"July 24, 2018",98,-0.41,-65.02,74.46,2.37
punta arenas,3874787,0,CL,"July 23, 2018",65,-53.16,-70.91,41.0,19.46
benghazi,88319,75,LY,"July 23, 2018",70,32.12,20.07,84.2,23.04
airai,1651810,0,TL,"July 24, 2018",28,-8.93,125.41,83.01,1.25
okha,2122614,8,RU,"July 24, 2018",60,53.59,142.95,67.26,7.29
chokurdakh,2126123,0,RU,"July 24, 2018",71,70.62,147.9,50.61,18.25
roswell,5488441,1,US,"July 23, 2018",39,33.39,-104.52,82.4,10.29
colon,5068725,1,US,"July 23, 2018",93,41.3,-96.61,71.6,5.82
itarema,3393692,12,BR,"July 24, 2018",78,-2.92,-39.92,77.34,14.12
bayan,2030079,0,MN,"July 24, 2018",75,47.25,107.54,73.83,6.17
moose jaw,6078112,5,CA,"July 24, 2018",87,50.4,-105.54,48.2,5.82
new norfolk,2155415,75,AU,"July 24, 2018",81,-42.78,147.06,48.2,10.29
ixtapa,4004293,75,MX,"July 23, 2018",100,20.71,-105.21,84.2,6.93
torbay,6167817,90,CA,"July 24, 2018",100,47.66,-52.73,53.6,5.82
butaritari,2110227,20,KI,"July 24, 2018",100,3.07,172.79,84.81,10.65
geraldton,5960603,5,CA,"July 24, 2018",93,49.72,-86.95,59.0,6.93
arkhangelsk,581049,20,RU,"July 23, 2018",57,64.54,40.54,77.0,6.71
ushuaia,3833367,32,AR,"July 24, 2018",95,-54.81,-68.31,39.0,20.04
berlevag,780687,75,NO,"July 23, 2018",76,70.86,29.09,57.2,6.93
kavaratti,1267390,92,IN,"July 24, 2018",95,10.57,72.64,83.19,23.51
mayumba,2399001,92,GA,"July 24, 2018",97,-3.44,10.65,69.51,7.74
tuy hoa,1563281,64,VN,"July 24, 2018",60,13.08,109.3,92.91,16.02
namibe,3347019,80,AO,"July 24, 2018",100,-15.19,12.15,66.45,5.61
albany,5106834,20,US,"July 23, 2018",78,42.65,-73.75,75.2,8.05
ajaccio,6452235,0,FR,"July 24, 2018",57,41.93,8.74,84.2,2.24
thompson,6165406,90,CA,"July 24, 2018",93,55.74,-97.86,55.4,13.87
bluff,2175403,0,AU,"July 24, 2018",29,-23.58,149.07,77.52,4.5
glendive,5654391,75,US,"July 23, 2018",82,47.11,-104.71,64.4,7.4
itaituba,3397967,92,BR,"July 24, 2018",58,-4.26,-55.99,80.76,3.94
vanavara,2013727,0,RU,"July 24, 2018",45,60.35,102.28,66.99,5.95
ihosy,1064275,48,MG,"July 24, 2018",68,-22.4,46.13,60.96,10.2
victoria,1733782,75,BN,"July 24, 2018",79,5.28,115.24,91.4,3.36
kahului,5847411,40,US,"July 23, 2018",74,20.89,-156.47,80.6,12.75
camacha,2270385,40,PT,"July 24, 2018",77,33.08,-16.33,69.8,2.24
galesong,1644605,40,ID,"July 24, 2018",55,-5.32,119.37,87.8,6.93
saint-philippe,6138908,40,CA,"July 24, 2018",78,45.36,-73.48,77.0,12.75
avarua,4035715,75,CK,"July 24, 2018",88,-21.21,-159.78,71.6,6.93
arraial do cabo,3471451,0,BR,"July 23, 2018",88,-22.97,-42.02,68.0,3.36
moerai,4034188,20,PF,"July 24, 2018",96,-22.43,-151.33,76.89,0.92
solnechnyy,2016307,0,RU,"July 24, 2018",75,50.72,136.64,77.07,3.71
yumen,1528998,0,CN,"July 24, 2018",21,40.29,97.04,92.55,14.0
mahajanga,1062663,0,MG,"July 23, 2018",44,-15.72,46.32,75.2,16.11
bredasdorp,1015776,24,ZA,"July 24, 2018",93,-34.53,20.04,50.0,16.46
bada,2322495,32,NG,"July 24, 2018",95,12.41,4.51,72.93,5.95
cidreira,3466165,92,BR,"July 24, 2018",100,-30.17,-50.22,51.6,7.4
nikolskoye,546105,0,RU,"July 23, 2018",78,59.7,30.79,73.4,4.47
yar-sale,1486321,8,RU,"July 24, 2018",65,66.83,70.83,68.07,8.19
joshimath,1268814,44,IN,"July 24, 2018",100,30.57,79.57,40.89,0.58
dunedin,2191562,32,NZ,"July 24, 2018",100,-45.87,170.5,37.11,4.38
haines junction,5969025,0,CA,"July 24, 2018",41,60.75,-137.51,61.32,2.71
hami,1529484,0,CN,"July 24, 2018",27,42.84,93.51,103.8,10.65
aasiaat,3424901,80,GL,"July 24, 2018",100,68.71,-52.87,39.99,11.43
dikson,1507390,92,RU,"July 24, 2018",90,73.51,80.55,47.37,38.61
kapaa,5848280,75,US,"July 23, 2018",83,22.08,-159.32,80.6,12.75
pevek,2122090,48,RU,"July 24, 2018",59,69.7,170.27,59.97,16.91
general roca,3855065,0,AR,"July 23, 2018",92,-39.03,-67.58,28.4,2.24
hobart,2163355,75,AU,"July 24, 2018",81,-42.88,147.33,48.2,10.29
mamontovo,1499428,8,RU,"July 24, 2018",84,52.71,81.63,61.77,4.83
jaffna,1242833,0,LK,"July 24, 2018",90,9.67,80.01,85.71,9.64
palmer,2067070,75,AU,"July 24, 2018",82,-34.85,139.16,59.0,13.87
saskylakh,2017155,0,RU,"July 24, 2018",79,71.97,114.09,46.29,7.63
khatanga,2022572,0,RU,"July 24, 2018",76,71.98,102.47,51.33,10.76
cayenne,3382160,90,GF,"July 23, 2018",100,4.94,-52.33,73.4,5.73
dingle,1714733,64,PH,"July 24, 2018",83,11.0,122.67,83.01,9.86
datong,2037799,68,CN,"July 24, 2018",75,40.09,113.3,78.69,2.93
hearst,5973108,44,CA,"July 24, 2018",96,49.69,-83.67,61.05,2.37
saint-joseph,3037456,0,FR,"July 24, 2018",61,43.56,6.97,80.6,3.36
griffith,2164422,0,AU,"July 24, 2018",67,-34.29,146.06,60.06,12.33
ribeira grande,3372707,40,PT,"July 24, 2018",88,38.52,-28.7,66.2,5.82
jamestown,2069194,0,AU,"July 24, 2018",43,-33.21,138.6,61.14,16.13
aksarka,1512019,0,RU,"July 24, 2018",38,66.56,67.8,83.01,10.76
yellowknife,6185377,20,CA,"July 24, 2018",76,62.45,-114.38,55.4,2.24
naze,2337542,75,NG,"July 24, 2018",94,5.43,7.07,77.0,4.38
urbano santos,3385726,12,BR,"July 24, 2018",92,-3.2,-43.39,74.19,5.39
moree,2156927,0,AU,"July 24, 2018",57,-29.46,149.84,66.45,3.38
bonnyville,5905616,75,CA,"July 24, 2018",76,54.27,-110.74,57.2,4.7
atuona,4020109,0,PF,"July 24, 2018",99,-9.8,-139.03,80.22,19.48
del rio,5520076,1,US,"July 23, 2018",31,29.36,-100.9,89.6,5.82
hilo,5855927,75,US,"July 23, 2018",83,19.71,-155.08,78.8,15.23
parati,3467747,0,BR,"July 23, 2018",77,-20.51,-54.63,64.4,6.93
hithadhoo,1282256,92,MV,"July 24, 2018",100,-0.6,73.08,78.42,18.25
methoni,257122,40,GR,"July 23, 2018",54,36.82,21.7,84.2,11.41
keuruu,652977,0,FI,"July 23, 2018",44,62.26,24.71,78.8,4.7
brae,2654970,75,GB,"July 23, 2018",93,60.4,-1.35,55.4,8.05
tsumeb,3352593,0,NA,"July 23, 2018",86,-19.25,17.72,39.2,2.24
bethel,5880568,75,US,"July 23, 2018",77,60.79,-161.76,59.0,5.82
flin flon,5954718,92,CA,"July 24, 2018",92,54.77,-101.88,57.72,11.99
mar del plata,3863379,32,AR,"July 24, 2018",70,-46.43,-67.52,42.33,14.45
hofn,2630299,80,IS,"July 24, 2018",100,64.25,-15.21,47.91,7.63
kailua,5847486,90,US,"July 23, 2018",78,21.39,-157.74,82.4,8.05
ponta do sol,3453439,0,BR,"July 24, 2018",83,-20.63,-46.0,50.34,3.38
cape town,3369157,40,ZA,"July 24, 2018",93,-33.93,18.42,53.6,5.82
karratha,6620339,0,AU,"July 24, 2018",23,-20.74,116.85,83.64,5.73
salalah,286621,90,OM,"July 23, 2018",83,17.01,54.1,80.6,4.7
riva,4366877,75,US,"July 24, 2018",88,38.95,-76.58,77.0,14.99
orodara,2577164,0,BF,"July 24, 2018",83,10.98,-4.92,78.8,5.82
zabid,69559,56,YE,"July 24, 2018",57,14.2,44.5,68.34,3.49
longyearbyen,2729907,75,NO,"July 23, 2018",87,78.22,15.63,46.4,2.24
castro,3896218,12,CL,"July 24, 2018",99,-42.48,-73.76,29.82,3.6
luderitz,3355672,0,NA,"July 24, 2018",79,-26.65,15.16,53.49,6.29
tasiilaq,3424607,0,GL,"July 23, 2018",61,65.61,-37.64,46.4,9.17
rongcheng,1786855,92,CN,"July 24, 2018",87,37.16,122.42,82.02,16.8
kaitangata,2208248,12,NZ,"July 24, 2018",87,-46.28,169.85,40.44,11.77
bandarbeyla,64814,0,SO,"July 24, 2018",74,9.49,50.81,78.06,28.99
skibbereen,2961459,75,IE,"July 23, 2018",82,51.55,-9.27,59.0,5.82
mugur-aksy,1498283,64,RU,"July 24, 2018",30,50.38,90.44,68.7,3.71
faanui,4034551,76,PF,"July 24, 2018",99,-16.48,-151.75,80.31,15.23
fare,4034496,88,PF,"July 24, 2018",98,-16.7,-151.02,79.68,13.44
ojinaga,3994469,0,US,"July 24, 2018",26,29.56,-104.41,83.46,9.75
bambous virieux,1106677,40,MU,"July 23, 2018",53,-20.34,57.76,75.2,21.92
klaksvik,2618795,75,FO,"July 23, 2018",93,62.23,-6.59,51.8,10.29
los llanos de aridane,2514651,20,ES,"July 24, 2018",68,28.66,-17.92,69.8,10.29
vardo,4372777,1,US,"July 23, 2018",94,39.62,-77.74,77.0,3.36
keetmanshoop,3356264,0,NA,"July 24, 2018",66,-26.57,18.15,44.13,8.86
constantine,2501152,0,DZ,"July 24, 2018",46,36.36,6.61,71.6,2.24
newport,2641598,68,GB,"July 23, 2018",82,51.59,-3.0,68.0,5.82
taltal,3870243,20,CL,"July 24, 2018",88,-25.41,-70.49,46.2,3.71
thaton,1292288,92,MM,"July 24, 2018",100,16.91,97.37,78.69,11.99
hamilton,5969785,90,CA,"July 24, 2018",94,43.26,-79.87,71.6,8.05
sao filipe,3374210,88,CV,"July 24, 2018",100,14.9,-24.5,75.18,5.39
springbok,3361142,0,ZA,"July 24, 2018",63,-29.67,17.88,41.16,3.83
peterhead,2078025,75,AU,"July 24, 2018",82,-34.83,138.5,59.0,13.87
east london,1006984,0,ZA,"July 24, 2018",30,-33.02,27.91,71.6,11.41
san lorenzo,3437056,88,PY,"July 24, 2018",75,-25.34,-57.51,54.57,11.88
senanga,898947,0,ZM,"July 24, 2018",62,-16.1,23.3,52.05,8.75
ubata,3445849,92,BR,"July 24, 2018",95,-14.21,-39.52,66.54,5.95
grindavik,3416888,75,IS,"July 23, 2018",93,63.84,-22.43,50.0,1.12
manggar,1636426,56,ID,"July 24, 2018",72,-2.88,108.27,87.06,14.23
wana,1162634,0,PK,"July 24, 2018",53,32.31,69.59,85.17,3.15
katsuura,1865309,20,JP,"July 23, 2018",50,33.93,134.5,95.0,4.7
husavik,5961417,8,CA,"July 24, 2018",82,50.56,-96.99,62.4,10.2
zhigansk,2012530,88,RU,"July 24, 2018",44,66.77,123.37,57.99,8.41
krasnooktyabrskiy,584441,0,RU,"July 23, 2018",65,44.93,38.37,78.8,8.95
baiao,3406844,80,BR,"July 24, 2018",58,-2.79,-49.67,85.53,4.72
rusape,882100,24,ZW,"July 24, 2018",93,-18.53,32.12,52.14,5.84
kearney,5071348,1,US,"July 23, 2018",87,40.7,-99.08,64.4,2.48
coquimbo,3893629,90,CL,"July 23, 2018",93,-29.95,-71.34,48.2,3.36
shimoda,1852357,75,JP,"July 23, 2018",74,34.7,138.93,87.8,6.93
worthington,5053460,1,US,"July 23, 2018",93,43.62,-95.6,64.4,4.7
qaqortoq,3420846,75,GL,"July 23, 2018",70,60.72,-46.03,46.4,2.24
port blair,1259385,24,IN,"July 24, 2018",100,11.67,92.75,82.2,17.47
upata,3625710,64,VE,"July 24, 2018",99,8.02,-62.41,71.13,3.27
lashio,1314759,92,MM,"July 24, 2018",99,22.93,97.75,70.95,2.15
namatanai,2090021,32,PG,"July 24, 2018",99,-3.66,152.44,82.83,6.62
vila,3164565,0,IT,"July 24, 2018",57,45.18,8.4,77.0,3.36
homer,5864145,90,US,"July 23, 2018",72,59.64,-151.54,60.8,4.7
pamatawan,1695909,75,PH,"July 24, 2018",83,14.93,120.21,86.0,9.17
kodiak,4407665,1,US,"July 23, 2018",93,39.95,-94.76,66.2,5.17
mokolo,2226275,92,CM,"July 24, 2018",92,10.74,13.8,70.23,4.38
nouadhibou,2377457,75,MR,"July 24, 2018",88,20.93,-17.03,66.2,17.22
purpe,1539210,0,RU,"July 24, 2018",50,64.48,76.69,65.28,11.43
mpika,905846,0,ZM,"July 24, 2018",72,-11.84,31.4,51.69,10.98
tiksi,2015306,8,RU,"July 24, 2018",76,71.64,128.87,45.66,6.4
abu samrah,172515,0,SY,"July 24, 2018",52,35.3,37.18,84.36,8.63
barcelos,2742416,40,PT,"July 24, 2018",88,41.53,-8.62,68.0,1.12
cabo san lucas,3985710,0,MX,"July 24, 2018",100,22.89,-109.91,80.76,11.65
vila franca do campo,3372472,40,PT,"July 24, 2018",88,37.72,-25.43,69.8,4.7
ostrovnoy,556268,20,RU,"July 24, 2018",64,68.05,39.51,77.34,6.17
morondava,1058381,0,MG,"July 24, 2018",70,-20.3,44.28,73.74,9.64
bima,1648759,8,ID,"July 24, 2018",55,-8.45,118.73,85.98,4.94
pisco,3932145,90,PE,"July 23, 2018",82,-13.71,-76.2,62.6,3.36
katobu,1640972,64,ID,"July 24, 2018",81,-4.94,122.53,84.36,4.72
puerto carreno,3671519,92,CO,"July 24, 2018",99,6.19,-67.49,67.71,2.37
dudinka,1507116,32,RU,"July 24, 2018",47,69.41,86.18,58.17,12.21
ambilobe,1082243,0,MG,"July 24, 2018",45,-13.19,49.05,78.33,17.81
puerto escondido,3520994,32,MX,"July 24, 2018",100,15.86,-97.07,83.46,1.7
grand forks,5059429,1,US,"July 23, 2018",100,47.91,-97.06,59.0,5.82
muisne,3653967,76,EC,"July 24, 2018",98,0.61,-80.02,70.59,3.83
jining,1805518,0,CN,"July 24, 2018",65,35.41,116.58,96.24,5.39
muroto,1856392,20,JP,"July 23, 2018",70,33.37,134.14,89.6,9.17
lagoa,2267254,0,PT,"July 24, 2018",72,37.14,-8.45,66.2,3.36
high level,5975004,1,CA,"July 24, 2018",93,58.52,-117.13,50.0,2.71
richards bay,962367,0,ZA,"July 24, 2018",87,-28.77,32.06,61.05,9.19
tuktoyaktuk,6170031,68,CA,"July 24, 2018",89,69.44,-133.03,44.49,12.33
lasa,146639,0,CY,"July 24, 2018",74,34.92,32.53,86.0,9.17
harindanga,1349090,75,IN,"July 23, 2018",89,22.04,88.32,84.2,8.05
antofagasta,3899539,90,CL,"July 23, 2018",76,-23.65,-70.4,55.4,2.24
rybinsk,500004,92,RU,"July 24, 2018",92,58.05,38.83,62.04,14.45
hays,4272782,1,US,"July 23, 2018",83,38.88,-99.33,73.4,10.29
saint stephen,5044407,1,US,"July 23, 2018",100,45.7,-94.27,66.2,8.97
miragoane,3720824,0,HT,"July 24, 2018",100,18.44,-73.09,81.66,5.28
chuy,3443061,0,UY,"July 24, 2018",90,-33.69,-53.46,43.59,13.78
bitung,1648636,40,ID,"July 24, 2018",70,1.44,125.19,86.0,3.36
nanortalik,3421765,36,GL,"July 24, 2018",97,60.14,-45.24,38.46,17.81
jamame,56399,100,SO,"July 24, 2018",62,0.07,42.75,80.31,14.45
upernavik,3418910,92,GL,"July 24, 2018",92,72.79,-56.15,39.0,13.44
ryazan,500096,64,RU,"July 24, 2018",93,54.63,39.74,66.81,10.98
petropavlovsk-kamchatskiy,2122104,75,RU,"July 23, 2018",93,53.05,158.65,57.2,8.95
linxia,1803331,0,CN,"July 24, 2018",65,35.6,103.21,70.59,3.71
poum,787487,20,MK,"July 24, 2018",64,41.28,20.71,69.8,2.24
lompoc,5367788,90,US,"July 24, 2018",93,34.64,-120.46,59.0,12.75
qinhuangdao,1797595,92,CN,"July 24, 2018",100,39.94,119.59,74.55,13.67
opuwo,3354077,0,NA,"July 24, 2018",56,-18.06,13.84,46.47,8.08
veraval,3031871,0,FR,"July 24, 2018",64,49.65,0.71,68.0,3.36
pando,3441354,40,UY,"July 23, 2018",93,-34.72,-55.96,39.2,3.36
nyurba,2018735,92,RU,"July 24, 2018",73,63.29,118.35,58.26,3.38
dajal,1180752,48,PK,"July 24, 2018",71,29.56,70.38,93.54,5.61
mogadishu,53654,75,SO,"July 23, 2018",78,2.04,45.34,78.8,12.75
beloha,1067565,0,MG,"July 24, 2018",62,-25.17,45.06,69.06,11.77
padang,1633419,44,ID,"July 24, 2018",100,-0.92,100.36,83.19,6.17
conde,3465713,36,BR,"July 24, 2018",91,-11.81,-37.61,72.48,9.19
jutai,3388869,36,BR,"July 24, 2018",87,-1.71,-47.89,77.52,4.27
safranbolu,740430,75,TR,"July 24, 2018",69,41.25,32.69,80.6,8.05
pacifica,5380420,90,US,"July 24, 2018",87,37.61,-122.49,64.4,5.82
san patricio,3437029,92,PY,"July 24, 2018",79,-26.98,-56.83,52.5,6.85
mirebalais,3720811,0,HT,"July 24, 2018",100,18.83,-72.1,66.54,2.93
provideniya,4031574,75,RU,"July 23, 2018",87,64.42,-173.23,57.2,15.66
aklavik,5882953,75,CA,"July 24, 2018",72,68.22,-135.01,66.2,9.17
vestmannaeyjar,3412093,75,IS,"July 24, 2018",93,63.44,-20.27,50.0,5.82
nishihara,1850144,20,JP,"July 23, 2018",67,35.74,139.53,96.8,9.17
ossora,2122389,76,RU,"July 24, 2018",91,59.24,163.07,57.99,10.87
ilulissat,3423146,92,GL,"July 23, 2018",87,69.22,-51.1,42.8,3.36
yaring,1604771,75,TH,"July 23, 2018",74,6.87,101.37,86.0,6.93
zabol,1113217,0,IR,"July 23, 2018",14,31.03,61.49,109.4,31.09
jawhar,1269106,92,IN,"July 24, 2018",100,19.91,73.23,75.72,10.09
maniitsoq,3421982,92,GL,"July 24, 2018",100,65.42,-52.9,38.64,8.97
angoche,1052944,64,MZ,"July 24, 2018",97,-16.23,39.91,77.52,14.45
norman wells,6089245,20,CA,"July 24, 2018",46,65.28,-126.83,73.4,5.82
tuatapere,2180815,0,NZ,"July 24, 2018",100,-46.13,167.69,40.89,7.96
puerto del rosario,2512186,75,ES,"July 24, 2018",78,28.5,-13.86,71.6,17.22
trofors,3133983,75,NO,"July 23, 2018",87,65.54,13.39,64.4,2.24
saint george,262462,75,GR,"July 23, 2018",57,39.45,22.34,75.2,6.93
anderson,4569298,20,US,"July 23, 2018",88,34.51,-82.65,69.8,4.7
sarh,2425791,20,TD,"July 23, 2018",94,9.14,18.39,73.4,2.24
souillac,3026644,0,FR,"July 24, 2018",64,45.6,-0.6,73.4,2.24
atar,2381334,0,MR,"July 24, 2018",42,20.52,-13.05,78.69,8.86
coaticook,5924500,1,CA,"July 24, 2018",94,45.13,-71.8,69.8,4.7
clyde river,5924351,90,CA,"July 24, 2018",74,70.47,-68.59,35.6,33.33
talnakh,1490256,8,RU,"July 24, 2018",61,69.49,88.39,54.39,8.63
dwarka,1273294,75,IN,"July 23, 2018",63,28.58,77.04,93.2,5.82
don sak,1116760,20,TH,"July 23, 2018",59,9.32,99.69,91.4,10.29
felanitx,2517750,0,ES,"July 24, 2018",61,39.47,3.15,77.0,2.24
luanda,2240449,90,AO,"July 23, 2018",88,-8.83,13.24,68.0,2.24
puerto madryn,3840092,0,AR,"July 24, 2018",94,-42.77,-65.04,42.06,13.78
cherskiy,2126199,56,RU,"July 24, 2018",73,68.75,161.3,56.28,9.19
hualmay,3939761,20,PE,"July 24, 2018",100,-11.1,-77.61,54.21,1.48
caxias,3391489,0,BR,"July 23, 2018",83,-4.87,-43.35,75.2,3.36
severo-kurilsk,2121385,92,RU,"July 24, 2018",95,50.68,156.12,53.67,11.99
khiri mat,1152876,75,TH,"July 23, 2018",66,16.83,99.8,87.8,5.82
kruisfontein,986717,24,ZA,"July 24, 2018",49,-34.0,24.73,69.6,11.99
vao,588365,88,EE,"July 24, 2018",87,59.1,26.19,68.43,3.71
kantang,1153072,20,TH,"July 23, 2018",55,7.42,99.52,91.4,13.87
margate,2158744,75,AU,"July 24, 2018",81,-43.03,147.26,48.2,10.29
corrente,3445459,0,BR,"July 24, 2018",80,-17.45,-44.68,56.73,6.85
pyinmana,1298987,92,MM,"July 24, 2018",100,19.74,96.21,73.29,2.93
saint-augustin,3031582,0,FR,"July 24, 2018",73,44.83,-0.61,73.4,1.12
soyo,2236967,92,AO,"July 24, 2018",92,-6.13,12.37,68.79,4.05
garowe,58933,0,SO,"July 24, 2018",52,8.41,48.48,80.85,21.83
nome,4732862,75,US,"July 23, 2018",83,30.04,-94.42,84.2,8.05
custodia,3401138,20,BR,"July 24, 2018",94,-8.09,-37.64,62.94,9.19
canmore,5914894,90,CA,"July 24, 2018",93,51.09,-115.35,51.8,3.36
flinders,6255012,0,AU,"July 23, 2018",25,-34.58,150.85,66.2,16.11
myitkyina,1307741,92,MM,"July 24, 2018",100,25.38,97.4,75.09,2.82
fuerte,1713558,92,PH,"July 24, 2018",94,17.54,120.36,76.71,2.59
el progreso,3610613,20,HN,"July 23, 2018",94,15.4,-87.81,80.6,4.7
yerbogachen,2012956,76,RU,"July 24, 2018",64,61.28,108.01,63.93,4.94
repelon,3670874,75,CO,"July 23, 2018",88,10.49,-75.13,80.6,5.82
lovozero,533933,8,RU,"July 24, 2018",56,68.01,35.02,73.29,3.15
mirabad,1160571,0,IR,"July 24, 2018",18,28.27,61.33,97.23,8.52
pundaguitan,1698289,80,PH,"July 24, 2018",94,6.37,126.17,86.07,4.38
tazovskiy,1489853,68,RU,"July 24, 2018",52,67.47,78.7,60.06,4.61
georgetown,3378644,75,GY,"July 23, 2018",94,6.8,-58.16,77.0,6.4
hasaki,2112802,20,JP,"July 23, 2018",70,35.73,140.83,89.6,11.41
ust-barguzin,2013986,0,RU,"July 24, 2018",56,53.41,109.03,74.64,2.37
eskilstuna,2715953,0,SE,"July 23, 2018",68,59.37,16.51,73.4,6.93
ust-maya,2013918,92,RU,"July 24, 2018",82,60.42,134.54,57.81,3.6
abrau-dyurso,584365,0,RU,"July 23, 2018",61,44.7,37.6,82.4,4.47
ban phai,1607418,36,TH,"July 24, 2018",75,16.55,102.46,89.04,10.42
portland,5746545,20,US,"July 23, 2018",47,45.52,-122.67,75.2,8.05
caravelas,3466980,88,BR,"July 24, 2018",100,-17.73,-39.27,74.46,13.33
khakhea,933649,0,BW,"July 24, 2018",86,-24.69,23.5,45.66,8.41
touros,3386213,0,BR,"July 24, 2018",90,-5.2,-35.46,74.1,15.01
freeport,3572375,48,BS,"July 24, 2018",100,26.54,-78.7,78.96,14.79
fortuna,2517679,0,ES,"July 24, 2018",50,38.18,-1.13,78.8,3.36
maturin,3778045,75,VE,"July 23, 2018",100,9.75,-63.18,75.2,6.17
sychevka,485280,44,RU,"July 24, 2018",94,55.83,34.27,65.19,8.97
napasar,1261882,56,IN,"July 24, 2018",83,27.97,73.56,89.67,6.29
isangel,2136825,24,VU,"July 24, 2018",100,-19.55,169.27,72.03,13.67
banjar,1650233,0,ID,"July 24, 2018",53,-7.37,108.54,85.71,4.05
la ronge,6050066,90,CA,"July 24, 2018",87,55.1,-105.3,55.4,8.05
narsaq,3421719,75,GL,"July 23, 2018",70,60.91,-46.05,46.4,2.24
kutum,371745,0,SD,"July 24, 2018",60,14.2,24.66,76.71,10.87
pascagoula,4440397,40,US,"July 23, 2018",83,30.37,-88.56,80.6,5.95
hoganas,2706003,20,SE,"July 23, 2018",68,56.2,12.56,73.4,2.24
ternate,1682474,75,PH,"July 24, 2018",89,14.29,120.72,84.2,8.05
tiznit,2527089,48,MA,"July 24, 2018",100,29.7,-9.73,65.46,1.7
arlit,2447513,0,NE,"July 24, 2018",42,18.74,7.39,69.87,2.71
hanstholm,2620786,88,DK,"July 24, 2018",97,57.12,8.61,63.12,6.85
acoua,922015,20,YT,"July 23, 2018",65,-12.72,45.06,78.8,23.04
manali,1263967,88,IN,"July 24, 2018",94,32.25,77.19,38.28,0.69
gopalpur,1275719,92,IN,"July 24, 2018",91,25.6,86.94,83.01,11.21
suez,359796,0,EG,"July 24, 2018",57,29.97,32.54,83.64,2.15
port elizabeth,4501427,90,US,"July 24, 2018",88,39.31,-74.98,78.8,9.17
fairbanks,5861897,90,US,"July 23, 2018",43,64.84,-147.72,73.4,3.71
isabela,1710518,88,PH,"July 24, 2018",80,10.2,122.99,81.21,6.4
saint-louis,2978742,0,CH,"July 24, 2018",64,47.59,7.56,71.6,3.71
qidong,1806840,8,CN,"July 24, 2018",93,31.81,121.66,87.87,10.87
biak,1637001,64,ID,"July 24, 2018",95,-0.91,122.88,77.97,6.4
saldanha,2737599,0,PT,"July 24, 2018",88,41.42,-6.55,55.29,2.71
alofi,4036284,92,NU,"July 24, 2018",97,-19.06,-169.92,77.79,7.96
bathsheba,3374083,40,BB,"July 23, 2018",78,13.22,-59.52,80.6,19.46
mahibadhoo,1337605,92,MV,"July 24, 2018",100,3.78,72.97,81.84,20.49
vostok,2013279,8,RU,"July 24, 2018",77,46.45,135.83,80.94,3.27
ketchikan,5554428,1,US,"July 23, 2018",87,55.34,-131.65,60.8,3.36
coihaique,3894426,0,CL,"July 23, 2018",67,-45.58,-72.07,35.6,5.82
mahebourg,934322,40,MU,"July 23, 2018",53,-20.41,57.7,75.2,21.92
luau,876177,0,CD,"July 24, 2018",46,-10.7,22.23,58.89,6.96
broken hill,2173911,0,AU,"July 24, 2018",40,-31.97,141.45,66.9,11.88
jamay,4004126,75,MX,"July 23, 2018",82,20.29,-102.71,68.0,2.71
marystown,6067472,92,CA,"July 24, 2018",93,47.17,-55.16,59.79,4.16
jalalabad,1139715,40,AF,"July 23, 2018",44,34.43,70.46,93.2,8.05
dalbandin,1180729,8,PK,"July 24, 2018",18,28.9,64.41,103.62,7.74
te anau,2181625,0,NZ,"July 24, 2018",94,-45.41,167.72,32.34,2.48
kilrush,2965260,75,IE,"July 23, 2018",82,51.96,-8.06,59.0,5.82
samfya,899274,0,ZM,"July 24, 2018",81,-11.37,29.56,56.19,12.1
iraray,1710554,20,PH,"July 24, 2018",96,8.99,118.05,85.26,10.31
fort nelson,5955902,90,CA,"July 24, 2018",67,58.81,-122.69,59.0,2.24
chimbote,3698304,68,PE,"July 24, 2018",100,-9.08,-78.59,59.7,4.61
mareeba,2158767,75,AU,"July 24, 2018",61,-16.99,145.42,77.0,11.41
sitka,4267710,12,US,"July 24, 2018",62,37.17,-99.65,76.26,5.61
kavieng,2094342,12,PG,"July 24, 2018",100,-2.57,150.8,84.54,9.19
malur,1264010,75,IN,"July 24, 2018",83,13.01,77.94,78.8,12.75
irbeyskoye,1505529,64,RU,"July 24, 2018",86,55.64,95.45,69.96,4.94
saint-georges,6295855,36,CA,"July 24, 2018",89,46.12,-70.67,70.77,7.63
san juan,1692193,75,PH,"July 24, 2018",89,14.6,121.03,84.2,8.05
constitucion,4011743,0,MX,"July 24, 2018",42,23.99,-104.67,65.37,6.17
tateyama,1849876,75,JP,"July 23, 2018",49,36.66,137.31,93.2,9.17
san quintin,1688687,75,PH,"July 23, 2018",70,17.54,120.52,87.8,11.41
conceicao do araguaia,3401845,0,BR,"July 24, 2018",81,-8.26,-49.26,71.04,6.85
bundaberg,2173323,0,AU,"July 24, 2018",92,-24.87,152.35,68.61,2.59
myaundzha,2123100,100,RU,"July 24, 2018",62,63.05,147.18,61.5,3.04
prainha,3391287,88,BR,"July 24, 2018",100,-1.8,-53.48,73.56,2.26
komsomolskiy,1486910,0,RU,"July 24, 2018",34,67.55,63.78,84.27,11.21
kadnikov,554554,68,RU,"July 24, 2018",78,59.5,40.34,65.46,12.44
huarmey,3939168,12,PE,"July 24, 2018",96,-10.07,-78.15,53.49,1.59
cedar city,5536630,1,US,"July 23, 2018",35,37.68,-113.06,73.4,4.7
santa luzia,3450144,0,BR,"July 23, 2018",87,-19.77,-43.85,57.2,2.24
sokoni,901344,0,CD,"July 24, 2018",76,-12.89,28.78,55.83,8.97
igarka,1505991,0,RU,"July 24, 2018",55,67.47,86.57,57.09,13.0
kinkala,2258984,90,CG,"July 24, 2018",88,-4.35,14.75,69.8,4.7
leshukonskoye,535839,0,RU,"July 24, 2018",52,64.9,45.76,74.64,4.72
west odessa,5533366,1,US,"July 23, 2018",36,31.84,-102.48,82.4,14.99
guerrero negro,4021858,0,MX,"July 24, 2018",96,27.97,-114.04,69.42,6.51
lorengau,2092164,80,PG,"July 24, 2018",100,-2.02,147.27,82.65,3.27
bridlington,2654728,76,GB,"July 23, 2018",82,54.08,-0.19,69.8,1.12
san jose,1689431,92,PH,"July 24, 2018",95,15.79,120.99,76.62,1.48
xining,1788852,0,CN,"July 24, 2018",57,36.62,101.77,72.75,2.59
plaster rock,7290171,20,CA,"July 23, 2018",78,46.91,-67.4,73.4,9.17
utinga,3392998,40,BR,"July 23, 2018",88,-5.82,-35.4,71.6,9.17
mirnyy,502265,32,RU,"July 24, 2018",86,56.57,36.46,65.82,10.65
iqaluit,5983720,40,CA,"July 24, 2018",74,63.75,-68.52,35.6,19.46
peleduy,2018069,0,RU,"July 24, 2018",61,59.63,112.75,60.96,2.93
riberalta,3906466,0,BO,"July 24, 2018",73,-11.0,-66.08,69.24,4.61
kyabe,2429344,68,TD,"July 24, 2018",87,9.45,18.94,74.64,10.76
evensk,2125693,0,RU,"July 24, 2018",86,61.92,159.24,57.81,3.71
high rock,3572189,56,BS,"July 24, 2018",100,26.63,-78.28,82.83,17.02
merzifon,741609,40,TR,"July 23, 2018",50,40.87,35.46,78.8,4.7
tenenkou,2449938,24,ML,"July 24, 2018",86,14.46,-4.91,75.81,8.41
nizhniy kuranakh,2019135,12,RU,"July 24, 2018",66,58.84,125.49,62.49,2.59
syedove,694712,44,UA,"July 24, 2018",92,47.08,38.16,76.89,3.6
davila,1715335,75,PH,"July 23, 2018",70,18.47,120.58,87.8,11.41
georgiyevka,565857,80,RU,"July 24, 2018",93,52.25,40.45,69.42,9.42
blairmore,5903535,90,CA,"July 24, 2018",87,49.61,-114.44,55.4,5.82
san jose de rio tinto,3602066,40,HN,"July 23, 2018",83,14.93,-85.7,75.2,2.24
henderson,5505411,1,US,"July 23, 2018",24,36.04,-114.98,100.4,8.05
kawalu,1640902,0,ID,"July 24, 2018",57,-7.38,108.21,80.94,2.71
meulaboh,1214488,12,ID,"July 24, 2018",96,4.14,96.13,84.36,4.38
kintampo,2299625,48,GH,"July 24, 2018",94,8.05,-1.73,74.19,9.75
srednekolymsk,2121025,76,RU,"July 24, 2018",70,67.46,153.71,61.59,6.96
ouro preto do oeste,3924948,0,BR,"July 24, 2018",55,-10.75,-62.22,70.23,4.05
deputatskiy,2028164,12,RU,"July 24, 2018",70,69.3,139.9,46.56,8.41
skovorodino,2016443,36,RU,"July 24, 2018",67,53.99,123.94,68.34,3.49
saint-pierre,2995603,0,FR,"July 24, 2018",68,48.95,4.24,73.4,4.7
babati,161312,64,TZ,"July 24, 2018",82,-4.21,35.75,59.43,6.73
platteville,5267332,1,US,"July 23, 2018",100,42.73,-90.48,66.2,3.36
beringovskiy,2126710,12,RU,"July 24, 2018",89,63.05,179.32,57.81,7.96
dzhebariki-khaya,2024626,92,RU,"July 24, 2018",76,62.22,135.8,55.83,3.27
kichera,2022129,0,RU,"July 24, 2018",57,55.93,110.1,65.73,2.37
akureyri,2633274,90,IS,"July 23, 2018",93,65.68,-18.09,46.4,5.82
trimbak,1254177,92,IN,"July 24, 2018",100,19.93,73.53,72.39,11.65
inhambane,1045114,75,MZ,"July 23, 2018",64,-23.87,35.38,71.6,6.93
thinadhoo,1337610,92,MV,"July 24, 2018",100,0.53,72.93,76.35,19.82
khambhaliya,1267091,75,IN,"July 23, 2018",79,22.21,69.65,84.2,11.41
kalemie,214974,0,CD,"July 24, 2018",99,-5.95,29.2,72.84,18.7
sidi ali,2487130,32,DZ,"July 24, 2018",90,36.1,0.42,65.64,2.93
hay river,5972762,40,CA,"July 24, 2018",93,60.82,-115.79,46.4,3.49
daru,2409663,92,SL,"July 24, 2018",99,7.99,-10.85,71.94,5.39
mount hagen,2090409,40,PG,"July 23, 2018",44,-5.86,144.23,75.2,5.82
lata,1253628,92,IN,"July 24, 2018",100,30.78,78.62,62.94,1.7
houma,1784874,8,CN,"July 24, 2018",57,35.63,111.36,88.95,5.5
praia da vitoria,3372760,75,PT,"July 24, 2018",94,38.73,-27.07,69.8,13.0
ulaangom,1515029,76,MN,"July 24, 2018",35,49.98,92.07,73.38,6.85
vicente guerrero,3522507,8,MX,"July 24, 2018",98,16.93,-96.7,53.76,1.36
humberto de campos,3398428,32,BR,"July 24, 2018",94,-2.6,-43.46,79.86,12.21
kaeo,2189343,0,NZ,"July 24, 2018",80,-35.1,173.78,47.37,6.85
sayaxche,3588984,0,GT,"July 24, 2018",73,16.52,-90.17,73.02,4.72
douentza,2458334,12,ML,"July 24, 2018",92,15.01,-2.95,72.84,3.71
nantucket,4944903,90,US,"July 23, 2018",100,41.28,-70.1,73.4,10.29
amstetten,2782555,40,AT,"July 23, 2018",77,48.12,14.88,68.0,8.05
kimbe,2093967,92,PG,"July 24, 2018",100,-5.56,150.15,76.17,7.96
pilcaya,3817354,75,MX,"July 23, 2018",87,18.75,-99.67,53.6,3.38
manzanillo,3547867,48,CU,"July 24, 2018",100,20.34,-77.12,84.36,7.52
ati,2436400,20,TD,"July 24, 2018",72,13.21,18.34,81.03,12.44
adrar,2508813,0,DZ,"July 24, 2018",10,27.87,-0.29,91.4,10.29
labuhan,1641899,92,ID,"July 24, 2018",75,-2.54,115.51,83.01,3.6
yining,1786538,8,CN,"July 24, 2018",64,29.04,114.56,91.29,3.94
bilma,2446796,0,NE,"July 24, 2018",18,18.69,12.92,77.61,3.27
necochea,3430443,0,AR,"July 24, 2018",86,-38.55,-58.74,31.44,9.08
shingu,1847947,20,JP,"July 23, 2018",56,33.72,135.99,93.2,16.11
haysville,4272788,1,US,"July 23, 2018",64,37.56,-97.35,77.0,3.36
marsa matruh,352733,0,EG,"July 23, 2018",51,31.35,27.25,84.2,8.05
kosh-agach,1502422,8,RU,"July 24, 2018",48,49.99,88.66,63.03,10.98
bintulu,1737486,75,MY,"July 23, 2018",66,3.17,113.03,91.4,3.36
umea,602150,0,SE,"July 23, 2018",73,63.83,20.26,71.6,4.7
porto novo,6322184,40,BR,"July 23, 2018",93,-23.68,-45.44,57.2,2.24
sawakin,367544,76,SD,"July 24, 2018",62,19.1,37.33,89.67,18.7
kiunga,2093846,68,PG,"July 24, 2018",74,-6.12,141.3,83.46,2.82
seoul,1835848,75,KR,"July 23, 2018",44,37.57,126.98,98.6,10.29
intipuca,3585480,8,SV,"July 24, 2018",100,13.2,-88.05,81.21,4.38
dafeng,1813088,20,CN,"July 24, 2018",100,33.2,120.46,84.9,4.16
teya,3526662,5,MX,"July 23, 2018",78,21.05,-89.07,80.6,5.82
teahupoo,4033543,20,PF,"July 24, 2018",73,-17.83,-149.27,77.0,3.36
kafue,915883,0,ZM,"July 24, 2018",84,-15.74,28.18,54.84,10.65
nicoya,3622716,40,CR,"July 23, 2018",83,10.15,-85.45,77.0,3.36
shitanjing,1794971,0,CN,"July 24, 2018",75,39.23,106.34,75.27,3.04
ostersund,2685750,0,SE,"July 23, 2018",72,63.18,14.64,66.2,4.7
abay,1526970,90,KZ,"July 23, 2018",81,49.63,72.87,53.6,11.18
donegal,2964752,32,IE,"July 24, 2018",100,54.65,-8.11,54.66,9.08
marsh harbour,3571913,44,BS,"July 24, 2018",100,26.54,-77.06,83.37,18.48
lernapat,616530,0,AM,"July 23, 2018",46,40.82,44.39,71.6,1.12
wyndham,2639447,90,GB,"July 23, 2018",77,51.61,-3.54,66.2,5.82
alice springs,2077895,90,AU,"July 24, 2018",21,-23.7,133.88,78.8,6.93
imeni poliny osipenko,2023584,8,RU,"July 24, 2018",70,52.42,136.49,74.19,3.94
san cristobal,3652462,40,EC,"July 23, 2018",93,-0.39,-78.55,48.2,6.93
quzhou,1797264,24,CN,"July 24, 2018",67,28.97,118.86,90.84,3.38
nioro,2413070,8,GM,"July 24, 2018",91,13.79,-15.05,76.17,8.3
bonavista,5905393,76,CA,"July 24, 2018",98,48.65,-53.11,52.05,10.31
zelenogorskiy,1485284,90,RU,"July 23, 2018",87,55.03,87.0,60.8,8.95
eureka,5563397,90,US,"July 23, 2018",100,40.8,-124.16,51.8,4.16
byron bay,2172880,0,AU,"July 24, 2018",68,-28.65,153.62,66.2,11.41
vila velha,6320062,0,BR,"July 24, 2018",69,-3.71,-38.6,77.0,11.41
fuyang,1810846,40,CN,"July 23, 2018",59,30.05,119.96,95.0,4.47
minna,2330100,80,NG,"July 24, 2018",99,9.62,6.55,70.86,7.85
egvekinot,4031742,48,RU,"July 24, 2018",65,66.32,-179.17,59.43,6.51
sweetwater,5531968,1,US,"July 23, 2018",47,32.47,-100.41,80.6,6.93
ampanihy,1078553,0,MG,"July 24, 2018",75,-24.69,44.75,64.11,8.63
lingao,1803560,76,CN,"July 24, 2018",87,19.91,109.69,85.62,10.98
amnat charoen,1621060,88,TH,"July 24, 2018",80,15.86,104.63,85.71,11.65
iberia,3938531,0,PE,"July 24, 2018",91,-11.41,-69.49,66.99,2.04
paragominas,3393106,76,BR,"July 24, 2018",76,-3.0,-47.35,79.59,5.17
roebourne,2062276,0,AU,"July 24, 2018",23,-20.77,117.15,83.64,5.73
aktau,610612,40,KZ,"July 23, 2018",61,43.65,51.16,77.0,24.61
westport,2960970,75,IE,"July 23, 2018",87,53.8,-9.52,53.6,3.36
udachnyy,2014624,36,RU,"July 24, 2018",52,66.42,112.4,62.76,6.17
oktyabrskoye,1511846,92,RU,"July 24, 2018",56,56.73,85.44,66.54,5.5
merrill,5572979,90,US,"July 23, 2018",53,42.03,-121.6,73.4,6.93
sarangani,1687186,80,PH,"July 24, 2018",100,5.4,125.46,83.64,16.8
kishapu,156963,0,TZ,"July 24, 2018",64,-3.61,33.87,63.21,13.78
christchurch,2192362,88,NZ,"July 24, 2018",93,-43.53,172.64,41.0,5.82
saint anthony,5606187,1,US,"July 23, 2018",62,43.97,-111.68,59.0,4.7
carnarvon,1014034,8,ZA,"July 24, 2018",63,-30.97,22.13,44.76,10.98
butembo,217562,0,CD,"July 24, 2018",78,0.12,29.29,67.17,3.49
gari,1506676,8,RU,"July 24, 2018",56,59.43,62.35,79.68,3.94
cascais,2269594,75,PT,"July 24, 2018",88,38.7,-9.42,68.0,6.93
carnduff,5917349,0,CA,"July 24, 2018",48,49.17,-101.8,61.77,9.19
vagamo,3133053,0,NO,"July 24, 2018",77,61.88,9.1,56.19,2.37
peringat,1750582,75,MY,"July 23, 2018",70,5.99,102.3,87.8,10.29
launceston,2160517,75,AU,"July 24, 2018",93,-41.43,147.14,44.6,16.11
xifeng,2033866,24,CN,"July 24, 2018",72,42.73,124.72,86.16,5.17
aswan,359792,0,EG,"July 23, 2018",21,24.09,32.9,93.2,9.17
altinopolis,3472485,0,BR,"July 23, 2018",67,-21.03,-47.37,59.0,5.82
tonneins,2972468,0,FR,"July 24, 2018",83,44.39,0.31,69.8,2.24
baykit,1510689,80,RU,"July 24, 2018",100,61.68,96.39,53.31,4.16
bukama,217834,0,CD,"July 24, 2018",44,-9.2,25.85,66.0,12.44
sao jose da coroa grande,3388456,76,BR,"July 24, 2018",95,-8.9,-35.15,73.11,10.2
honiara,2108502,75,SB,"July 24, 2018",94,-9.43,159.96,77.0,8.05
pamekasan,1632978,0,ID,"July 24, 2018",74,-7.16,113.47,85.98,11.77
morant bay,3489440,40,JM,"July 24, 2018",74,17.88,-76.41,82.4,5.82
pio ix,3392020,0,BR,"July 24, 2018",63,-6.83,-40.61,68.97,12.66
eregli,315498,24,TR,"July 24, 2018",52,37.51,34.05,76.71,2.93
yuzhno-kurilsk,2119447,36,RU,"July 24, 2018",99,44.03,145.86,58.71,8.86
hanna,5970234,56,CA,"July 24, 2018",66,51.64,-111.93,60.24,7.96
esna,675840,68,RO,"July 24, 2018",96,45.2,27.57,72.12,6.4
visby,2662689,0,SE,"July 23, 2018",73,57.64,18.3,71.6,5.82
manta,685981,48,RO,"July 24, 2018",95,45.1,24.1,67.53,4.05
bosaso,64013,0,SO,"July 24, 2018",34,11.28,49.18,95.0,27.51
buique,3404766,0,BR,"July 24, 2018",96,-8.62,-37.16,62.94,9.98
axim,2303611,92,GH,"July 24, 2018",98,4.87,-2.24,77.43,11.54
pinar del rio,3544091,0,CU,"July 24, 2018",93,22.42,-83.7,72.66,1.36
cairns,2172797,75,AU,"July 24, 2018",61,-16.92,145.77,77.0,11.41
paita,3694112,36,PE,"July 24, 2018",94,-5.09,-81.11,64.11,4.16
golden,5962582,0,CA,"July 24, 2018",92,51.3,-116.96,42.96,1.59
vanimo,2084442,44,PG,"July 24, 2018",100,-2.67,141.3,83.64,8.97
sinnamary,3380290,36,GF,"July 24, 2018",98,5.38,-52.96,79.86,8.08
mangrol,1263751,92,IN,"July 24, 2018",100,25.33,76.51,81.21,8.41
chicama,3698359,40,PE,"July 23, 2018",93,-7.84,-79.15,62.6,6.93
quelimane,1028434,92,MZ,"July 24, 2018",81,-17.88,36.89,71.31,8.41
mahanoro,1062553,92,MG,"July 24, 2018",100,-19.9,48.8,63.39,3.83
iguape,3461465,92,BR,"July 24, 2018",100,-24.7,-47.56,63.48,7.4
narasannapeta,1261853,0,IN,"July 24, 2018",71,18.42,84.04,90.66,6.29
gravdal,3147822,75,NO,"July 23, 2018",82,59.79,5.78,64.4,12.75
barra de sao francisco,3470730,88,BR,"July 24, 2018",99,-18.75,-40.89,61.5,3.49
xai-xai,1024552,56,MZ,"July 24, 2018",100,-25.04,33.64,67.71,2.37
peniche,2264923,75,PT,"July 24, 2018",88,39.36,-9.38,68.0,6.93
voznesenye,471160,56,RU,"July 24, 2018",80,61.02,35.48,70.14,4.16
bijie,1816373,80,CN,"July 24, 2018",82,27.3,105.3,76.26,3.38
panguna,2088659,92,PG,"July 24, 2018",96,-6.32,155.48,77.07,2.37
qasigiannguit,3420768,92,GL,"July 23, 2018",87,68.82,-51.19,42.8,3.36
sinjar,174611,0,SY,"July 24, 2018",52,35.59,37.0,84.36,8.63
jumla,1283285,32,NP,"July 24, 2018",95,29.28,82.18,56.19,0.92
chumikan,2025256,0,RU,"July 24, 2018",83,54.72,135.31,59.61,4.38
pangody,1495626,8,RU,"July 24, 2018",48,65.85,74.49,70.14,4.72
mount gambier,2156643,44,AU,"July 24, 2018",83,-37.83,140.78,53.22,11.54
stonewall,6157355,5,CA,"July 24, 2018",82,50.13,-97.33,57.2,10.29
gamba,1281256,64,CN,"July 24, 2018",100,28.28,88.52,36.66,1.03
boden,606531,0,SE,"July 23, 2018",69,65.83,21.69,75.2,5.82
inta,1505579,0,RU,"July 24, 2018",54,66.04,60.13,78.33,5.73
atasu,1526041,92,KZ,"July 24, 2018",64,48.68,71.64,59.34,15.46
siderno,6540819,20,IT,"July 23, 2018",78,38.28,16.3,78.8,10.29
tchibanga,2396253,80,GA,"July 24, 2018",93,-2.92,11.0,67.89,3.94
celestun,3531368,0,MX,"July 24, 2018",99,20.87,-90.4,82.83,12.21
henties bay,3356832,0,NA,"July 24, 2018",55,-22.12,14.28,69.6,19.37
